artist_name,title,link,published,fetched_at
Bad Bunny,How Artists Like Bad Bunny & Rosalia Are Turning Non-English Music Into Grammy Recognition - Billboard,https://news.google.com/rss/articles/CBMipgFBVV95cUxOVG1rc0N4bjEwUDdaT0RmVktFdm85NjVLQ3YwdkdMTmx2MmlQUlJZRF8zRUx0YU9Oc3JiYmQwanF2MnNTOUx4dVhweDZkTVdad3AyeUxSYkNqTHBtMTRxME1tWWpRVGd4NlpJWnh5QzRUOUVMeFVRUE0tS3lNeGhmWndSMUpFUkFKaml0bzY3MWc1UW12ZFFNUml1M1FHcVlYai1kMjVR?oc=5,"Fri, 02 Oct 2026 16:01:32 GMT",2026-10-04 23:20:20
Bad Bunny,Bad Bunny - Britannica,https://news.google.com/rss/articles/CBMiWkFVX3lxTE12bTFrZkJDSW1Tc1ppRUNHaS1DZnpjRDlzekdrMTh6NkNTV0JtYk9ZSEdkdDBwWlNRdlQ3d3NOUVpkRXYtVjNhZk9YdEU2WjlIdklQM0R5aVNadw?oc=5,"Fri, 18 Sep 2026 07:00:00 GMT",2026-10-04 23:20:20
Bad Bunny,Bad Bunny scores major victory in reggaeton copyright suit - Paste Magazine,https://news.google.com/rss/articles/CBMipwFBVV95cUxNUlI5RnpOV1JUQzNWQzhqTUYycENsVElmOS02NnlNRFB6MUhhNURoejJaUWEyR0Q1V0RmdzZ3OEdiVG43ZGk1T0U2bS01X3hPa3lqMDlZMzNnYTRYUGRHZTZoaU96YmNtay1tQ19URk9rM2U3Q2F3cU0wZUNTU0pCTzF0bUFJYjhUaHdGR0NaaVhldXVwejRQVEROUEpDWkViREpmVEllSQ?oc=5,"Thu, 03 Sep 2026 07:00:00 GMT",2026-10-04 23:20:20
Bad Bunny,The Apple Music Super Bowl LX Halftime Show Starring Bad Bunny | Emmy Awards and Nominations - televisionacademy.com,https://news.google.com/rss/articles/CBMipAFBVV95cUxNdkxjUURNdm5wUHplNUZoWDV0TTR0bTZ5N24tWnpSUWRfNUNlWkZjNFdWZ2MxQjUyT05DTWRYN2lmbm1td1V6VG5fR3R5ajlKVE9YMVV5VlliQ3JPcTBlaTBpM1JjOEJyVlN4UlNoMnNEZmtTM3hCZWIyWGdzWUxEWmx0YU1sNnZSSkVVSExlclZXM0ZlTE11eHJjY0wzNEdEZ2JQRw?oc=5,"Wed, 08 Jul 2026 17:52:12 GMT",2026-10-04 23:20:20
Bad Bunny,I Actually Listened to the New Bad Bunny Album. This is What I Heard - savingcountrymusic.com,https://news.google.com/rss/articles/CBMioAFBVV95cUxPU3pvU3pvQjlZbkJjYTRBS3JvVlVzUS1RaFEtR0tRYnI3RXAzWmxzajZ5SEU1WHRoeUFSdlU5aTJRcWt3U0ZJNVNrS0ZBYldxX3I5Rk9qNU1vX2tiM1FMOGp0dDNwWHhoR3A3Q1BkQUlIanhWcDV1VTQyZ3ZqRFVuSVJfMG9hVmFpUnBISHF6VTBobE9yYjF0S2lwR1d3dC02?oc=5,"Fri, 06 Feb 2026 08:00:00 GMT",2026-10-04 23:20:20
Bad Bunny,"Americans Are Listening to Less Music in English, Thanks to Bad Bunny and BTS - Rolling Stone",https://news.google.com/rss/articles/CBMisAFBVV95cUxOMURfVXEyZkl4X1U4eXoxeGVQQk9sSUdxd3A0U29iMXRtRzVUYTE0R0Qtd0lyN1NVU0FBbkdBSEhjS2cyNFR5bkZnRnZTR005dG51WXd5dnNBOTMxZnhzdmdVR0VQalREd1hMSDZDTWF4X1dJcXFrZmtVMjNjUXlzajM1NUJ0N0RIRW1mejd6TVlQSjRGRFdRUUMyMF9uWGdxVGxhRzU3al9hb1NUdVRMTg?oc=5,"Thu, 16 Jul 2026 07:00:00 GMT",2026-10-04 23:20:20
Bad Bunny,How Bad Bunny Became a Global Cultural Force - UC San Diego Today,https://news.google.com/rss/articles/CBMifkFVX3lxTE91ZVhfYXNlY3lneWlTbGxDaXB4VXFfTktOZG9mem4zMlZjc0FjcWhQOGVaM2hfdHl2NE5FY19QQ0RmNWQxSUlKWTZQM3c5WkdLNnQtS0JPWTkyRnlfQThrR0k4bXhTSVZuM1VsdXV0ZU5zdXpGa1RsTXQwZDdBdw?oc=5,"Thu, 05 Feb 2026 08:00:00 GMT",2026-10-04 23:20:20
Bad Bunny,Bad Bunny Helps Defeat Copyright Claim That Threatened Thousands of Reggaeton Songs - Consequence of Sound,https://news.google.com/rss/articles/CBMiiAFBVV95cUxPN3hOVTRlZktEX0FYNi1uSlhjbGlFMjh2RjZFNEwtb01ETkdnOGJIdzhiWmlyaGV5enJWaWs3dkNWaDdsODJzemFoNW1UaFUwbXVjOG9XVHFZcDRXU2NLaEZWYzlGVVJmRDVYXzVpYWNWY0VKMjAtWGY2d2hfcDJ5VjJrVUNmLUFn?oc=5,"Wed, 02 Sep 2026 07:00:00 GMT",2026-10-04 23:20:20
Bad Bunny,How Bad Bunny rocketed to global stardom - Harvard Gazette,https://news.google.com/rss/articles/CBMikgFBVV95cUxNdmloRHJVcWdmcGNRRmI2Z2ZwZWxkLXRoVHowWVhKV0toNXVvdjBSWlUxMlJEUjl3N1ZEVWVjS2ZFRlhaMFo5VWxVaUk0Tm9wc0doY2RZSS0zOW02b3o5eDJEZm8xQVlXT0gxMU1XeDlqb0lNME1XVDl2OTVXc0NtMG9DQlFpdmZPa1gtVUFYaGRTQQ?oc=5,"Tue, 03 Feb 2026 08:00:00 GMT",2026-10-04 23:20:20
Bad Bunny,Bad Bunny’s Powerful Classroom Potential - Duke Today,https://news.google.com/rss/articles/CBMiekFVX3lxTE1IdDRaXzZ2UnNxOEpjMlU2LTJqNWNlMjJlYS13NUV1NXkzU21DZ05MMVFmeE1hVjAyTm4wbGRzXzk4UkYyOXJzei0ySzdTaExaU01pdFZITUY1VnZiMEM0ZmtHdTZVMTRZY3B6R3owanRuNWlLNko5eWRB?oc=5,"Tue, 17 Mar 2026 07:00:00 GMT",2026-10-04 23:20:20
Foo Fighters,"Tom Morello's Power to the People Festival: Springsteen, Dave Matthews, Foo Fighters and More Rock for Democracy - Rolling Stone",https://news.google.com/rss/articles/CBMiugFBVV95cUxOQVkzaXp1SGRKVXF5ZktKU2F4alhicFNUaU5KcnpMVEE3TnphcTVfYTJNRDJLaVhsMXF5NU5hX0RGai0zd1pPQkVIeXpPQUtqaUYyeDFCWkpoV2VtWFBOaDktdjBpU3F6Z0lsREhPd0o1RUJ4RTE3MkxnYnF6bm9ORG1NMERaWE56QllqOGRrdi1Tc3NYd2ZBN0J5TmhTRzBRQVh2dnEzWDBXRC00S09ZaTV4Y19kdEcyYkE?oc=5,"Sun, 04 Oct 2026 18:42:11 GMT",2026-10-04 23:20:20
Foo Fighters,"Dave Grohl Dedicates ""My Hero"" to ""New Friend Jack"" at Power to the People - Consequence of Sound",https://news.google.com/rss/articles/CBMib0FVX3lxTE40REc5YzVxTG5iUnByUFRqd1NVNWxidDBpemluVlJHMlZ1bzZyTDlyVHBOUE55QmlhZlZyNmtnNnEyWXdGenQzZjFMNVBYNGphQ1d5OTRWTElMeG5EbGp5VnJLNnNpajBwblFRWkphWQ?oc=5,"Sun, 04 Oct 2026 02:03:03 GMT",2026-10-04 23:20:20
Foo Fighters,"AC/DC, Foo Fighters triumphant at MetLife Stadium: 'See you again!' - Asbury Park Press",https://news.google.com/rss/articles/CBMiugFBVV95cUxPdHJ1VkdVdHFKaGZhSnhSVGhkYUxwRG40LVVBWTE3QXBzRFFZUVdWa0pVeFFWZEFvd0w4WFd1ck03aTBPVm96aWFocnUzVDdZOVVrY1B6UGt1NXU2OFVPMHo4WjVpWGxHQVhzRUhKOHFPMkdhTzg1NDFhdkhTd0tmN3pFZDJ6TUtmRXNpWUNmVDhXTTNKaFFvc3QyMGZ4UFZ1S0JwM29rNjRMUUNnSHpQRUZZeWlETGVFcGc?oc=5,"Sat, 03 Oct 2026 17:54:00 GMT",2026-10-04 23:20:20
Foo Fighters,"The ""intense"" album Dave Grohl would ""delete all others"" for - Far Out Magazine",https://news.google.com/rss/articles/CBMijwFBVV95cUxOT0ZCRUpoMFFHeTAyVjlzQ2VqcW9hYmF6LXFYX1lhLXRjMzNKREhKRUo5bGZZb0RqY3NkNV9zRlR0YkR2WHhFT0s0eWUtZW5TanREdDhvaG5zR0U1bWh1RFBCZHRpd2U1YnlTUzVEeUd3cDZTWlN6LW10Nlc4VHNld2pCbGowX25mVGdHNzY3QQ?oc=5,"Sun, 04 Oct 2026 15:30:00 GMT",2026-10-04 23:20:20
Foo Fighters,"Fans at AC/DC, Foo Fighters Oct. 2, 2026 concert at MetLife Stadium - Asbury Park Press",https://news.google.com/rss/articles/CBMirgFBVV95cUxPT0ZTdG1vZDZuS2d2VmRPZ1pBQktYWDQ3TGV4M2YwSE5Mdk9VMFVQQTIzUk1qbFJWbmtNQVFLRERRcjJ2WG10ZDU1NjNiZ1FUYTdQWVZ3VWVHQjQ2QU9QM2FGbWkzQ1BmQUhzTU15ZGpBYkRrMVZXaTdBSmlRS2ZQNDgyUDJseTE0VThKTzRNaXdlUE1zQWxpTENhTlY1OTRSazN6azdWQ2YyQUcxaHc?oc=5,"Fri, 02 Oct 2026 07:00:00 GMT",2026-10-04 23:20:20
Foo Fighters,Foo Fighters celebrate the end of their North American tour with a sprawling nearly 3-hour show in Las Vegas - Las Vegas Sun,https://news.google.com/rss/articles/CBMilwFBVV95cUxQQ1RfMEJrdmFNeFpCTjdTX0NZUUpBLVVRb0JQOWY4bXNvWTdJdS15cHFkZDE4aXJaYWJIWlF2LW9sRkhxeHhPTVlCZ1NBWk0xZmIyZzlZZFlwS01oN09LSTN4V21ZT3d1QnJGLWliM1J3QUlreEY1eUV5S3BPcldJVmJteWxuMDBfODJETWR1RTI5TFZWTXJR?oc=5,"Sat, 03 Oct 2026 09:00:00 GMT",2026-10-04 23:20:20
Foo Fighters,Foo Fighters Turn “Spit Shine” Into A Blood-Soaked Zombie Horror Show - That Eric Alper,https://news.google.com/rss/articles/CBMirgFBVV95cUxOdlZSaTQyTzFMMXczT1EtX2RjMXd0YzRTYmo5dFhCV3FETFF5em9BWHY5Ym9BNG1oQ3Njd3hkV2NEeXBRVkpvQlRZRWVSSDdiVEwtWGY5dHk0SzhGa0dfQWtBWUZFWFJib2twaElFZWtkdXMyb0RUZFI5cmNfUUtaMklUQUJ6QVhpQWpkdUc1RGpFSDNlYlpYWUtjWThrMW1ES0JzUFBfZkZtQzNJanc?oc=5,"Sun, 04 Oct 2026 21:29:41 GMT",2026-10-04 23:20:20
Foo Fighters,Foo Fighters Doubling Down on ‘One-Night Only’ Opening Slot For AC/DC at Rescheduled MetLife Show - Billboard,https://news.google.com/rss/articles/CBMioAFBVV95cUxPaW00WFdJcmpHYkRZRWpaeEsxdFdPcnV2c2J2SFJYeGVRT0E5R3BDSzZBbmdZcWxIQ1JLVm82SXRlcERKNnZWYnZhY0hpN3dyZXAza3cwVjVKTzE3a0NIeEdSMmRGMXcwVXg4RE5BYXZCRzlBZnFCMzJicXRRWlRzLTNVLXV6YlpsMl8tUTh0X1R4SGM4YnpuLVhWYlpSNUFJ?oc=5,"Wed, 30 Sep 2026 11:47:07 GMT",2026-10-04 23:20:20
Foo Fighters,"The Foo Fighters Promised They’d Do This ‘One Night Only,’ but They’re Doing It Again - VICE",https://news.google.com/rss/articles/CBMiswFBVV95cUxOdXhxRW5CV3Atb3hqSk1sSjNVUDBWYmJweEE5SU83Wk9HYjBabElHVUNpc284alZrTTRRYmtoN2FLSE1XcWJyYWFza3A2QzZLc2NFSlh0OW9HZzRTOEgtVEE4SVpCMG55OHI4UlZCRTFXNnI1QTVWZ3lJekgycmlzMDl5b1JTb0NQYk9WcDRzeFdLVlZaRXY2LXJJRmtCdWNCTm50cTBXSXRXZDFhZGNLTElxRQ?oc=5,"Wed, 30 Sep 2026 13:24:09 GMT",2026-10-04 23:20:20
Foo Fighters,"Foo Fighters open for AC/DC after New Jersey show, weeks after “one night only” gig - Paste Magazine",https://news.google.com/rss/articles/CBMiyAFBVV95cUxOV1JkMUJLY3R2aXY2UHV2dzJRS1dabFp0S3VaQ3VQMGxTd2ZKSmIwVzJpU0dGQmpIMFU0bnBEa0tiTU5fd2ZCN3JXd0o2NUc5QTRGTmhKUE5aN3B3c19KN19LRklLMVg4VnRjUzU0R21zZG9Lejdra0dKdWl5QVJtQ0NzaGU3clg5Y0M3clhIRHhGYi0tS1dQT2JCVWtVVHl5SXJHSDZvLVYweHNMODRQR1h2UEVUcDFfMjF0dkxFd194V2dOT0NfUg?oc=5,"Wed, 30 Sep 2026 19:12:11 GMT",2026-10-04 23:20:20
Kendrick Lamar,Kendrick Lamar Scores Another No. 1 Hit And Reaches A Career Milestone - forbes.com,https://news.google.com/rss/articles/CBMiwAFBVV95cUxOTEZFNEVjZVYxQXdfSkpZVmQ5bHFTR2QyTEw1d25maG9tc0E0VXVYNFVIZVc0WC1Va1dhSDcyb2xYVjk5OGdJekVNVFU0ZG1vQ2VuLURpSFdJdFhfaEVEeHk0enJiLW1FU3VhSnByQmFWWUxsejRKSGdENkpVMDdKN0lFUnN6WFR0TldRckgzTks1dUZQX2R0a01iaXU0WTRSM3dxSWk3all6aExkMEFaYUhtWkxTYzF1OXZlYVlZR1Y?oc=5,"Mon, 28 Sep 2026 18:30:00 GMT",2026-10-04 23:20:21
Kendrick Lamar,The Reason J. Cole Got in a Fight With Diddy Back in 2013 - VICE,https://news.google.com/rss/articles/CBMikwFBVV95cUxNckZWVzU4SGY0b3hRUHZhb3RuNkdMVW4wVmtrblQxbVNaaDh2VGVTNGI0NHBGOExULVdwSDE0R0xmeExGQWZfUjhNRVBFd3lxVWRlVG5wR2wwYTdNb09TMVNWU0VLT1R3ZGlnVFoxVlBJZm1MU0gxSVRkMEhfRG5GUUd0THRBeVhBaDBwRDNUdGI1bTQ?oc=5,"Sun, 04 Oct 2026 19:43:14 GMT",2026-10-04 23:20:21
Kendrick Lamar,DJ Akademiks Compares J. Cole to Kawhi Leonard At ComplexCon 2026 - Complex,https://news.google.com/rss/articles/CBMiggFBVV95cUxQZGtIY2ZQSlJrdkpHSFJfQ3k4TzQxWnN2UlpqbzhBcUtCM0l1QzdhdFZ3OXh5aW85WklGSXpJUHgybS14TEs4NjY0cFhSRDVfeEtHZVliTEI4b2dZT0xzUzI4dXktUmtEV0NaTE1QTDFBaF9MVUR5QnNJRldlUTJkZ2Jn?oc=5,"Sun, 04 Oct 2026 21:55:40 GMT",2026-10-04 23:20:21
Kendrick Lamar,Kendrick Lamar Joins Jhené Aiko on New Song “So Good” - Pitchfork,https://news.google.com/rss/articles/CBMihwFBVV95cUxObzZuci1OZjlBOGFDM2gzalhyUWMybE5GNG9aX1VMcUZRZjNpTUlPSmxrcXZoRm5FN0F0ckhIQThPOHVScG5lX0I1Q1pkMDBMUlpaMGRtWDV5MTktem5BQmdMbGhpNlN5R2xjVTAzSl9Nbk1pNF8xNWwwNXdRaHNZdWU2bkdjbUU?oc=5,"Fri, 11 Sep 2026 07:00:00 GMT",2026-10-04 23:20:21
Kendrick Lamar,The Nature of Kendrick Lamar’s “Suffering Servant” - Christ and Pop Culture,https://news.google.com/rss/articles/CBMidEFVX3lxTE4yaU1MdGhZemZLNGphX3JIemtmNVd5bzgxTlFEUVlXaFE2NEc1N0JfYVhCZnBVeU94VzNadVN6cjNJaEw2UVRSR2taRVE0djFiT3hZLTl0YmdtdlRGRmM1c29sbFpLLVhydXp3OVEwZ3RmdEtM?oc=5,"Wed, 08 Jul 2026 07:00:00 GMT",2026-10-04 23:20:21
Kendrick Lamar,Bigger than the music: New Kendrick Lamar course debuts at Temple - Temple Now,https://news.google.com/rss/articles/CBMilgFBVV95cUxNd1dhTWRuUVlmcmxncDM4SkIwU2xRS0s0cFlKWmxiaUZVX3dOaHVTWHBERHRGeDM4QWY4SHVBbzJ6T3U2bFRfUno5enMxX2YxSFYwb1ozVXlVeDktR1ZMTmFyUlo1eHdMZ0ljazViWWpsaGp1OWRSM2VyeWwyMEF6cklvZ1lGZ0daLXRXREhmQ21mWklDZGc?oc=5,"Wed, 18 Feb 2026 08:00:00 GMT",2026-10-04 23:20:21
Kendrick Lamar,Kendrick Lamar According to C. S. Lewis: Epic Poetry “Reincarnated” as Hip-Hop - Rapzilla,https://news.google.com/rss/articles/CBMikAFBVV95cUxQVU41SHhkLVg2X1JJV1doekdOSTNzeHVWZV9tc1ZPSzA2dWJJSm45Tk1xUG9QdDR6LXpINFhSYVMxdHl0MHF1MDQwOGFUNTVvQjJsUGpTSUtxeF8wZHdhbFpqNUY4bEtZVWNVNzROSi1ReVNfRFVScDZqUlRUQkZpeER2YWJlUXJoMGFJRlZUSm0?oc=5,"Thu, 16 Jul 2026 07:00:00 GMT",2026-10-04 23:20:21
Kendrick Lamar,Lupe Fiasco Claims There Are ‘Hundreds’ of Rappers Better Than Kendrick Lamar: ‘I’ll Name ‘Em’ - Billboard,https://news.google.com/rss/articles/CBMiqAFBVV95cUxNVHlHY1k5Y2pfYk1VYmJsYkMwbTFxSTB0ZlBGemlqZkR6emJTQ095VzBDNGIwaThBcFgxNVBtY09VOVV4clQ5ZlFtY09sc0pZbXY4OVRYX1VURVR5VllxSk42c3F1Mk1OUHkyMXhTUDhXeEIwTjNuV1h4cW92OEJIRzJ3XzNaZ3hTc3JkelRWOUxQRGxXR0tfbkIxb2VrSXBmRV93emszT18?oc=5,"Tue, 30 Jun 2026 07:00:00 GMT",2026-10-04 23:20:21
Kendrick Lamar,"Today in History April 16 | Kendrick Lamar, Pulitzer Prize, & DAMN - Britannica",https://news.google.com/rss/articles/CBMilgFBVV95cUxQYm5PRUhoVTJVWHlJTW5IQVRuMEc4SmE2bHNULVBMLUl6NWUwUXpUUkJvN1Z0QjE3YWdOZnlZN1FEemdnTXBWejFwZUpvR1YxZFBXc2xTMHlXUWtCNUlhYndfWnYzUFVYMW10Qko4OElCM0hfNU5fQW83ejFBQ3prNXFBR1FEOWdXRHFRY3JXdG42RHZEc0E?oc=5,"Sat, 29 Aug 2026 07:00:00 GMT",2026-10-04 23:20:21
Kendrick Lamar,Best Hip-Hop Songs That Tell Stories You Won’t Forget - The Root,https://news.google.com/rss/articles/CBMikAFBVV95cUxPdnlXSFh5N2FBbU1FN1B1NGdkWmtjejRwb2ZGVEY3NGRSNmlod24yNW53SWdTV2dxcWpNSVhvbnl0eHdES2YwMWxNck5ha3A1VklVX2pDRHczc3gtdWhGNXVsTXRPX3ZYQ1dJbUlFZmhSQnJ0eW9vVFFpZGtwSFpnbnBwam4xN1ZGby1aUV9PR3A?oc=5,"Fri, 02 Oct 2026 15:43:54 GMT",2026-10-04 23:20:21
Taylor Swift,There Is Precedent for Taylor Swift’s ‘Cleveland!’ Making the World Go Crazy: Paul McCartney’s ‘Silly Love Songs’ Era - Variety,https://news.google.com/rss/articles/CBMiogFBVV95cUxPam15Z2dtWC1jMVd5cmdHVkpOdEMwNWRYZlp4emRaMEFpejRERENZTmNKQ194eG80ZjI5SC1zLV9BakFsQkF5ZUJBcHAySG91VXdzbV9pLUFIYWl3YmtxRWlqdzFtaVZUNDY3Q2w2MmV3ZG5HdW1pUEk2OWcxTVNtTlRkeHU3OWtxSkhoeDBXNThCNHJqVm1vS2ptcG1qeHhNOHc?oc=5,"Thu, 01 Oct 2026 22:44:00 GMT",2026-10-04 23:20:22
Taylor Swift,Anne Hathaway Thought Taylor Swift’s ‘Patient Zero’ Music Video Was Tied to ‘Verity’ - IMDb,https://news.google.com/rss/articles/CBMiZkFVX3lxTFBuVnY2RjMweHZXTkx4bTFSUDRINTZNMTE5QkEwejJydmg5TU82aEw2MThOa0VNenlpY2ZoT0k2NlE3ajFlRzVnWjlrZTNmek01N1NfNV9BV1ZocU8tNURkaFBlalhRZw?oc=5,"Sun, 04 Oct 2026 18:29:49 GMT",2026-10-04 23:20:22
Taylor Swift,Taylor Swift Takes Fans Inside the Making of ‘Patient Zero’ in New ‘Expanded Video’ - Billboard,https://news.google.com/rss/articles/CBMiqAFBVV95cUxQNU9IaGdVcmhLaV8tS24xa2x5RTNQb0VycC1YTzRCSHBweVpCUU94U19fQzktM0tJVzZxZHpZRWQwakJDdzY2RlBITDBWUUJzVU9XVnpUSHZjZ3o0VkN1eXgxMEdmVlp5UURiaVF5aDFWbGpJQi1RNDZ5emJDNmlYTVI5T0VZY0ZtblFwZE54UkZtbE1YUGhVSk1DOExSOXlBRVFTSF95bTk?oc=5,"Sat, 03 Oct 2026 17:48:25 GMT",2026-10-04 23:20:22
Taylor Swift,Taylor Swift debuts new curly hairstyle after career milestones – See her now - usatoday.com,https://news.google.com/rss/articles/CBMiswFBVV95cUxOZk9BTWotczFxSmhyeFRWRkZFMUExbDh4ZnNBTkdZd3dXSzE2X2REcnZUaFp4QjZMTWVqX05CekhCWkpsaG1faVdLNXFLNnlwMU9zY1RRaTlrYnZ4dWRBbDVwc1BTYUdKQzM3M2I4dWVLNzZPQkJmaV9MSmotU2NBeUNuS2htRVNCbWd1V0tCcTM1MmljYVJmMVk3R1RYcEFQbVNDc2NKR2R2dmNMOTNRY19lcw?oc=5,"Sat, 03 Oct 2026 15:42:00 GMT",2026-10-04 23:20:22
Taylor Swift,‘Not letting her Swifties down’: Taylor Swift reportedly working on an ‘entirely new album’ - Yahoo,https://news.google.com/rss/articles/CBMimwFBVV95cUxPdjRGWUExUHp4eGpPNTMtMDYya2V0NUFHQ2lZcmVnYzVTZVRSZnVyTUk2SzFQeUJibzg2VEpZY2tSMnhoUlUzR3Z2YlRLT0JwNHg1SkRqSHZqZk1ISW5ZLUdXZFF1dXZrYUd5NlpCSmNqMkM0eXVQTkNQMm5vNnVEYUVmX21nc2owYkFlVUpoU21qZjhFTDFadnBMUQ?oc=5,"Sun, 04 Oct 2026 15:26:05 GMT",2026-10-04 23:20:22
Taylor Swift,Dakota Johnson Marvels at Her Breasts in Swimsuit Underwater Scene from Taylor Swift’s ‘Patient Zero’ Music Video - People.com,https://news.google.com/rss/articles/CBMi0wFBVV95cUxPMW9QUlcwT1FVYnRSX2FpV1lDeHphY0Z6dTFsSl9WbnpmelNWOGd2enA3MGEzT1k4bFZfdnpWY2FmODljWDhKUV8tVmdRVDczd3NEQ3pEd0NJQTRSaVo4ekFMQ3ByeWUtZHhZQmlxVm1sQmhOa2d6NHNhTC1ydkVQY2EyS3RLOFY2U1pVVlhfcXYtVWdBaWo2MEUyTWx0TFczT3hZejNSekFhY01VOVdpVHg4YXc0Y1NhYjVjakxLRlZXZ1Zrc0o5V2U4YUk4TGozUFNv?oc=5,"Fri, 02 Oct 2026 17:39:23 GMT",2026-10-04 23:20:22
Taylor Swift,Taylor Swift Got Her Happy Ending. It May Have Killed Her Music. - thefp.com,https://news.google.com/rss/articles/CBMiaEFVX3lxTE8yX2xlZFlYLWFqanRscHA3TnRaSDg5Q0M2NE1qdUx4aER6akk5WnpaTTJqbV9HMEtJd0dNVU9FTlBwbzJVdUVhaFRlUFdseG5Ca0FoSzRlR3ZDaDVaTW1MZFZiX3lDdzBt?oc=5,"Fri, 02 Oct 2026 09:02:27 GMT",2026-10-04 23:20:22
Taylor Swift,"Now that her love story is complete, are we over Taylor Swift? - Page Six",https://news.google.com/rss/articles/CBMinAFBVV95cUxNRk4zNUFZbjdHX2NZOWVtZVRpaDl1ay1PbHhOVUFjcEZYVG1Zb0YtMU5zTkE4a1JaMC1yMEx2dGNEU045SkwxTUFjUEEzUjZrVVJZUmRfR0VNYkx3b2NhZHNJSjJUN0NwY3FIRUxwd19BSDJCR3d3Y3ByLUtkUE5jcTZEX3ZmRExxbi1zQXh0MjRoODFtM19MWGdvd3A?oc=5,"Sat, 03 Oct 2026 12:00:00 GMT",2026-10-04 23:20:22
Taylor Swift,Taylor Swift's 'Patient Zero': Wine Amongst the Easter Eggs - Wine Spectator,https://news.google.com/rss/articles/CBMioAFBVV95cUxPbUtQZDh4UGRxTHRwRnBVXzRVbS1DODFaLVRDOEFRTlp6Q05uV3o3TFBBdDBYcXlXV3VXdWNNVkpZM1JVUzc4VGZnYl9QVFNDeFJ1ZjZiak9vVTV0UGdqOEgzU2gyUi1VZW9RUVpyakY2TkhLRmpZUzNxSGdsUVg2VzJTUVJ3R2NHckVBVDRLaXNwdzc2VjFLTzRxT3ZyRklB?oc=5,"Thu, 01 Oct 2026 20:34:30 GMT",2026-10-04 23:20:22
Taylor Swift,Narcissism Expert Says Taylor Swift’s New Song ‘Patient Zero’ Made Her ‘Blood Run Cold’ - parade.com,https://news.google.com/rss/articles/CBMitgFBVV95cUxPc0Y1V0xya3VnQnFDNW8wT2RvZjgzYVpid0ZmbHVOM2pwU1hxeEJBU1AweDlRT3d0eEszN25sUXFYVlhLc1pVYzE2bkdsR3hzV3hpcmhhVEFVWjh2MVpCY24wSVpmRy16QnlDSndxazc4OU5jRFZMOUFSTFBLWTZjQ3FlTUlLbFdQazFzejgzQ0ZybXFVMTRSOUxhUWdVcXVMbkJsd2UyYlFhLXRDM3oxQmdYTTJGUQ?oc=5,"Thu, 01 Oct 2026 17:35:04 GMT",2026-10-04 23:20:22
Weezer,The Detroit Red Wings should take a page from Weezer's playbook - Octopus Thrower,https://news.google.com/rss/articles/CBMipgFBVV95cUxNUVMzZWc4SFFOWTdlS21seENYVnluQ2tHakswUm9sOWtrTkNHX3M4ajlRZEFzaDlDYldTUllMaFhjaWN2YW5ZY1FzTjV1RE81cW1JQ1Z0ejVqT2kyMTVPcGxBZEd6RXdBeWxIQUt6WVBmT1NYbDluSUllZGF5THdwWlJLdFRCSF9NVXFlc044OEJ1ZmJEX0J4anREZGdnaFZvaEotVEh3?oc=5,"Fri, 02 Oct 2026 18:00:00 GMT",2026-10-04 23:20:22
Weezer,How Weezer’s Former Bassist Publicly Predicted His Own Death Weeks in Advance - VICE,https://news.google.com/rss/articles/CBMirgFBVV95cUxQNTByREtiZHduaWZyUTdIZVcwclI5bzJwclV6d0dWbEI0eFc5clI5dVpiblk1QVpma25mTEJrZG5xckROM19Ea1JueFdONS1uTmNYOXAxMkM5Vk5kOEVIWGJXUS1GT0hOdFVNMHVySUpYa2I0MkhNRE5MRHB3dlNKanN4am13eHVsQUgwOVBYSFFCUzludV93czR5anVaanJlMGZ0bnBWZW9oQURpMWc?oc=5,"Thu, 01 Oct 2026 13:23:40 GMT",2026-10-04 23:20:22
Weezer,Weezer lands on Billboard Hot 100 again and is heading to Columbus - The Columbus Dispatch,https://news.google.com/rss/articles/CBMivwFBVV95cUxNcVNiSUpWMDduOFhHOHFkMTV4Vm95SEVYcVU3OUxNUWwtMFBielVpdmJvSENIeUdyb0djelY4Q19LY3J4cEg1c0NGUC1iWkJld1NQZklpWEJvVHRXTjF2Njh4RGZ5cjgxcmxYanNwMnJ3Yl9WVzRKN2F0ZUZ4NnlCOGxud3FnblcydEh0OGdkVDM0cGRYUU04b01qOGc2QVlqaUI2UkYybTdITm11Z0hubkg2VjQxZmlyUUZRQ3RSZw?oc=5,"Tue, 29 Sep 2026 14:21:00 GMT",2026-10-04 23:20:22
Weezer,Opinion: Why Weezer has the Absolute Best Concerts - Albion Pleiad,https://news.google.com/rss/articles/CBMiiwFBVV95cUxOVlZFMVhZeURYc2FNNzRybS1oU00wX2oyeXdsbEViV1VrZkROT2ltZkR3eGFSa3o4NjltVlBBN2oxaDZ4bk9fdF9WaHQ2REZuZWw1VDdaVUNlV0xzRnVVY3FnTFk3Y0NYMVc2N0dJRlBLUXdNdG9tWllyaUNnM2pjeE53WTJpWV9HMXF3?oc=5,"Mon, 28 Sep 2026 19:58:16 GMT",2026-10-04 23:20:22
Weezer,The 11 biggest concerts in Charlotte this October - Axios,https://news.google.com/rss/articles/CBMiigFBVV95cUxPTHJQU1RNTG05dHB0d3ZlR0l4OG5zTExZWlBUODNxXzZhejBONi1kRGZGNlJKUW9KRXhiQ2JpTFM3cFRZYTNFTlZsMmNXV2JjOXdCcjBSc0FFbVBxTzBES1FpSG9GU0RIVG5iQVBEc2xQM3pYcHZOd2UzYXNHbVlFQXdYTUQ5NjVRemc?oc=5,"Thu, 01 Oct 2026 09:33:15 GMT",2026-10-04 23:20:22
Weezer,"Weezer Says This Is Their Best Song, but I Would Have to Respectfully Disagree and Offer 4 Better Options - VICE",https://news.google.com/rss/articles/CBMi0wFBVV95cUxNU2RwdjZMSF92bjM3c3owVnpBZE56dTEtOHBtbE5MUzFOeFZQaVhjUDczbnltQ0p6RnBsa0VUTnc1NktSbmx3bXFWNG8xNGF2dGxfOTc5SVV5Y0pXQUlnOFFhWVROTGZiempJcEdISVM0cmFrS2tkVkNNcE5Tc3Y0ME5LR2JkTWx4NlEzZHpMczBxNWVmZTNReFRvSnk4M1lqTWc1VWI0dkQ2QzQ2MXBrb2Z5cWVxMXdYakJqWnl1RjhYSkYzbGFLZTNEMWRRNXNjTlhN?oc=5,"Thu, 30 Jul 2026 07:00:00 GMT",2026-10-04 23:20:22
Weezer,Revisiting Weezer’s Cringe Masterpiece At 30 - Defector,https://news.google.com/rss/articles/CBMickFVX3lxTE5pUzllU1hJSlFUTGYxeUlkV0hDVklTRlo4VHcwZUttUFZqWWNYMmRlNjA1VVhTOUs0bnNSakdmbm9Gb2RTUzFjQURwT2pyb2JKVDE0WWlVWW0ycFdzakt3aDN0S0tVZ2VnbmEwSVpMVWZ3UQ?oc=5,"Thu, 24 Sep 2026 07:00:00 GMT",2026-10-04 23:20:22
Weezer,"National Recording Registry Inducts Sounds of Taylor Swift, Beyoncé, The Go-Go’s, Vince Gill, Weezer, Reba McEntire and More - newsroom.loc.gov",https://news.google.com/rss/articles/CBMi_gFBVV95cUxQWmZ3NHF2V2xVYnNjNnY4alRnLS1ScXFvX1p3dGlqbUxwVk9pSlRiYVJ0c21CaFZwclVQaU5laUZTUmVHZWx0QjZ2TGZWVmt6NmpzQ0RFYTFXaXNZeEVUdGN4RFh3cFUtc1hwZzl0cEVQMWNPeVFDTjgxTGVLTHFMbmphLTZueWQyVWZ3UDJBa0ZKazM1UjBLdTdwRmpjZmNfaTN2N0VPalRmam82Z0lBVG96U0pJb28zTVE5UVFMR2pxN19RR3FmTkVWTjZLR29KSEFSck43Z1FOZFctWHFmSlFhWHBxQlJYZkJiaHpSWXFtcUprSmNyd0tMVDhYZw?oc=5,"Thu, 14 May 2026 07:00:00 GMT",2026-10-04 23:20:22
Weezer,Weezer Go Back in Time for ‘C.E.O.’ Music Video - Rolling Stone,https://news.google.com/rss/articles/CBMiowFBVV95cUxNS1hMVW1fNGZsOVhjUzhCMnFwcTVSdTF6cGFPd2xmTVhFY252ZVpCMVVvUFJhTGMxNzVuZmVGLUR4OVJSakV3cU9GZEtTeTNSUlNKQ3JKd2R5WVM5MzNRUzhKaFdDVUpMZFRRa201cVpFcVB4UmYxWXlUNHdpOXhIVTRZeUdvanA0ZlNYVWJJOHZ5MG9SdEpwalVvdjAyRHNxcnFF?oc=5,"Wed, 05 Aug 2026 07:00:00 GMT",2026-10-04 23:20:22
Weezer,Weezer - Self-Titled (Gold) - The Needle Drop,https://news.google.com/rss/articles/CBMikwFBVV95cUxQcWk5QzEwdFJHbjBlY1BwUEl5T1Z4VjZua3h2TmIyZHl1QUdaMkZzbVp4MDdpTE1CS053M3BFdllOekVmZW16SXRFa0ZDQkQtUi1FRk9TUGo0SWdVdVhuMk1kUk9QV2ZDREpXeFZFWU9CZEFlVDB0YXQ4a2ZVa0wzWFBSa3BXeU9SUlQ0ZEJnNDQ3dWM?oc=5,"Wed, 26 Aug 2026 07:00:00 GMT",2026-10-04 23:20:22
